{"cameraMode":{"drawMode":0,"name":"Shaded","section":"Shading Mode"},"sceneLighting":false,"audioPlay":false,"sceneViewState":{"showFog":true,"showMaterialUpdate":true,"showSkybox":true,"showFlares":true,"showImageEffects":true,"showParticleSystems":true},"in2DMode":false,"pivot":{"x":89.86923217773438,"y":93.6068115234375,"z":-0.8145456314086914},"rotation":{"x":-0.0017741088522598148,"y":-0.20787645876407624,"z":0.0003761622356250882,"w":-0.9781534671783447},"size":22.0,"orthographic":false}